Filename, Top_left_lat,Top_left_lon,Bottom_right_lat,Bottom_right_long
"big_photo_test_2.png",  60.404387,  22.453574,  60.398637,  22.466410
"big_photo_test.png",  60.404387,  22.453574,  60.398637,  22.466410
"big_photo_10.png", 60.410120,  22.466399,  60.404370,  22.479235
"big_photo_11.png",  60.410129,  22.453595,  60.404379,  22.466431
"big_photo_12.png", 60.404374,   22.466402,  60.398624,  22.479238
"big_photo_13.png",  60.404387,  22.453574,  60.398637,  22.466410